{"cameraMode":{"drawMode":0,"name":"Shaded","section":"Shading Mode"},"sceneLighting":true,"audioPlay":false,"sceneViewState":{"m_AlwaysRefresh":false,"showFog":true,"showSkybox":true,"showFlares":true,"showImageEffects":true,"showParticleSystems":true,"showVisualEffectGraphs":true,"m_FxEnabled":false},"in2DMode":false,"pivot":{"x":22.448822021484376,"y":2.2266879081726076,"z":-9.363143920898438},"rotation":{"x":0.07403454184532166,"y":-0.08903581649065018,"z":0.006636503152549267,"w":0.9932513236999512},"size":0.07606611400842667,"orthographic":false}